<?xml version="1.0" encoding="UTF-8"?>
<project-private xmlns="http://www.netbeans.org/ns/project-private/1">
    <editor-bookmarks xmlns="http://www.netbeans.org/ns/editor-bookmarks/2" lastBookmarkId="0"/>
    <open-files xmlns="http://www.netbeans.org/ns/projectui-open-files/2">
        <group name="NetBeansProjects">
            <file>file:/C:/Users/cagan/Documents/GitHub/2DAM_Workspaces/NetBeansProjects/PracticaAD/src/DAO/CumuloDAO.java</file>
            <file>file:/C:/Users/cagan/Documents/GitHub/2DAM_Workspaces/NetBeansProjects/PracticaAD/src/DAO/GalaxiaDAO.java</file>
            <file>file:/C:/Users/cagan/Documents/GitHub/2DAM_Workspaces/NetBeansProjects/PracticaAD/src/BBDD/AccesoBaseDatos.java</file>
        </group>
    </open-files>
</project-private>
