insert into persona values('78392932','MANUEL','BURILLO','GASTON');
insert into persona values('11932930','JOSE','BERMEJO','HERNANDEZ');
insert into persona values('89393921','CARLOS','MONTERO','DIEZ');
insert into persona values('73483830','SANTIAGO','ALONSO','GUTIERREZ');
insert into persona values('71127839','FRANCISCO JOSE','ALONSO','MURIEL');
insert into persona values('32947683','CIPRIANO','ALAGUERO','RINCON');
insert into persona values('73262638','RICARDO','GOMEZ','ELICES');
insert into persona values('78382947','ALONSO','ESTEVEZ','RODRIGUEZ');
insert into persona values('68838226','PEDRO','MARTIN','ABARCA');
insert into persona values('83939205','ANTONIO','GARCIA','RAMOS');
insert into persona values('68592364','GREGORIO','ESTEBAN','PEDRAZ');
insert into persona values('78392823','RUBEN','ALONSO','SAEZ');
insert into persona values('78286452','GONZALO','MARTIN','SAGRADO');
insert into persona values('74253621','CARLOS','CANDO','ALDEHUELO');
insert into persona values('90296480','JOSE','BERNAL','BENITO');
insert into persona values('11929273','SANTIAGO','GONZALEZ','BERNAL');
insert into persona values('20937832','MIGUEL','CARRASCO','CALVO');
insert into persona values('74539209','CANO','MARTIN','LUIS');
insert into persona values('78293548','OVIDIO','CUADRADO','CEREZO');
insert into persona values('80002027','ERNESTO','MORO','FUENTES');
insert into persona values('16738222','IGNACIO','OLIVERA','FUENTES');
insert into persona values('89393026','MANUEL','PLAZA','GONZALEZ');
insert into persona values('92628735','MIGUEL','HUEBRA','GONZALO');
insert into persona values('78231724','EMILIO','GARCIA','HERNANDEZ');
insert into persona values('74326533','ADOLFO','MARTIN','IGLESIAS');
insert into persona values('52353232','JOSE LUIS','GARCIA','LOBATO');
insert into persona values('22874843','FRANCISCO','BARCO','LOPEZ');
insert into persona values('12283833','CARLOS','CUADRADO','LOPEZ');
insert into persona values('72823231','ATAULFO','CARPIO','LORENZO');
insert into persona values('84338390','SILVERIO','HERNANDEZ','MATEOS');
insert into persona values('15838332','ARSENSIO','MERCHAN','MONTERO');
insert into persona values('83829399','ALBA','SANCHEZ','NIETO');
insert into persona values('48393928','PABLO','APARICIO','PANIAGUA');
insert into persona values('63737287','AARON','SANCHEZ','PERANCHO');
insert into persona values('13929272','JAVIER','ARROYO','PEREZ');
insert into persona values('12939272','JUAN','SANCHEZ','PEREZ');
insert into persona values('86638736','FELIPE','MORO','REGATOS');
insert into persona values('73892985','ALBERTO','GARCIA','RODRIGUEZ');
insert into persona values('45684184','JOSE MANUEL','LUCAS','RODRIGUEZ');
insert into persona values('14244148','MANUEL','FERNANDEZ','TRIGO');
insert into persona values('25254178','JUAN','FERNANDEZ','ACOSTA');
insert into persona values('12515152','RIGOBERTO','GIL','BERNAL');
insert into persona values('78514893','FEDERICO','REYES','HERNANDEZ');
insert into persona values('25741142','LEONARDO','RUBIO','MIGUEL');
insert into persona values('25641810','SANDRA','SERRADILLA','MARTIN');
insert into persona values('35465469','SARA','ELVIRA','PORRAS');
insert into persona values('23435455','RAUL','ROJO','ROSADO');
insert into persona values('45667848','JOAQUIN','MORALES','DOMINGUEZ');
insert into persona values('23155257','RAMON','TAPIA','CASTILLA');
insert into persona values('78974456','BRUNO','MANCEBO','HOYOS');
insert into persona values('74567890','PEDRO','GONZALEZ','PEREZ');
insert into persona values('73958605','LUIS','MARTIN','ALVAREZ');
insert into persona values('74629064','ANA MARIA','ZAPATA','CORRALES');
insert into persona values('73013873','CARMEN','HERNANDEZ','MORENO');
insert into persona values('11592038','MARIA','MENDEZ','BLANCO');
insert into persona values('71493016','LUCIA','PEREZ','SANCHEZ');
insert into persona values('28941232','ANGEL','RODRIGUEZ','MARTIN');
insert into persona values('71248741','PAULA','DIEZ','RAMOS');
insert into persona values('11279546','AURORA','MARCOS','PRIETO');
insert into persona values('72518740','MARTA','MARTIN','JIMENEZ');
insert into persona values('71954201','RAQUEL','LOPEZ','MADRID');
insert into persona values('71526389','ISABEL','GARCIA','IGLESIA');
insert into persona values('72197528','M.MAR','MORAN','GOMEZ');
insert into persona values('74196599','LUIS','BENITO','ALVAREZ');
insert into persona values('11000258','JESUS','ENRIQUEZ','BORGES');
insert into persona values('71259836','SHEYLA','SANCHEZ','CABO');
insert into persona values('33333333','MONICA','PEREZ','HERNANDEZ');
insert into persona values('12312389','CLAUDIA','PEREZ','CAROLINA');
insert into persona values('11443122','NOELIA','RAPADO','FERNANDEZ');
insert into persona values('41743122','HELENA','AGUDO','BLANCO');
insert into persona values('91243322','NATALIA','LAFUENTE','CASADO');
insert into persona values('94246322','DIANA','YELA','CONDE');

insert into usuario values('MBURILLO', 'd98a5a5f6090bf3c16c6a4daea824906ce7a89c0', 1,'78392932');
insert into usuario values('JBERMEJO', 'd7d1d11aa85d2821271b94651890b0e48e382821', 1,'11932930');
insert into usuario values('CMONTERO', 'd0d06ccb91499ddbc1f6220b801945b1e3a7c6d6', 1,'89393921');
insert into usuario values('SALONSO', 'd49a65b4426d23017fc7a9760253460875863739', 1,'73483830');
insert into usuario values('FJALONSO', '083da799a81530fcab875a71820b9fb23dc7b041', 1,'71127839');
insert into usuario values('CALAGUERO', 'c35ef8e0f42d97169f90b8ae6ec368cef2c0373d', 1,'32947683');
insert into usuario values('RGOMEZ', '4189c498b72cb40b42c3a927d6c6b771a33965f8', 1,'73262638');
insert into usuario values('AESTEVEZ', '73941f8b1b9c7ef2572e9607064b65e81cc6a150', 1,'78382947');
insert into usuario values('PMARTIN', '06c1ad00c0bddbd8c5b01965834ac8b40e08e502', 1,'68838226');
insert into usuario values('AGARCIA', '17f600ddcc316ee40ccd38d21c51957033c3fa6f', 1,'83939205');

insert into usuario values('GESTEBAN', '8eaed53415b442b369f07ac65a67eea84f360188', 0,'68592364');
insert into usuario values('RALONSO', 'efae189e90bf2ae14a430db293ab75cbac373a52', 0,'78392823');
insert into usuario values('GMARTIN', '3568ce652db088e45138fc37cbb6f2f576bd8c7b', 0,'78286452');
insert into usuario values('CCANDO', '20ad997ca8d946be8ecd9fbf54827f7b395ca79f', 0,'74253621');
insert into usuario values('JBERNAL', '56897214dc77cdf9317a46b629ea608f4d1db7cd', 0,'90296480');
insert into usuario values('SGONZALEZ', 'e8c15398165cb60a54ded86b7fb66fd50984c88b', 0,'11929273');
insert into usuario values('MCARRASCO', '107c8daa0c36641f4865d25023a57ac5ba3a0ca5', 0,'20937832');
insert into usuario values('CMARTIN', '275af26a1978244181777b27f939493aaf74bd8e', 0,'74539209');
insert into usuario values('OCURADO', '55f5bf155898a390abaebbc6a315ba86901e64db', 0,'78293548');
insert into usuario values('EMORO', 'c12cd2661c950137bbb5a8ba4609450ff4407375', 0,'80002027');
insert into usuario values('IOLIVERA', 'fed8c162b41ec88851ccbd10d3b26fa99255c483', 0,'16738222');
insert into usuario values('MPLAZA', '6775fe11e81d03efe935b77b8270622f70c4bb37', 0,'89393026');
insert into usuario values('MHUEBA', 'a858e8249fb3cd6136e2ae86c10b3c96f003fb97', 0,'92628735');
insert into usuario values('EGARCIA', '7e289a7a4bc1394e589df1dbedd46e99430bf0eb', 0,'78231724');
insert into usuario values('AMARTIN', '509c5ef766971806db589f8fb25b3204911daa57', 0,'74326533');
insert into usuario values('JLGARCIA', 'd8547ac921f35782c654e5cd259e975303d70383', 0,'52353232');

insert into usuario values('FBARCO', 'f5320705b0427d5b5455878af53e7f60bf352971', 0,'22874843');
insert into usuario values('CCURADO', 'b7b64841d30b2aa8487a11814b81f02f5f5660a7', 0,'12283833');
insert into usuario values('ACARPIO', '3676dfe086d9a921d37529a98da206c001a476a4', 0,'72823231');
insert into usuario values('SHERNANDEZ', '4d75c991ed8cf5cfaa1d0b02aa8099f01dd4e12f', 0,'84338390');
insert into usuario values('AMERCHAN', 'b9952fc43488fb5bc0e5e78a1131fca26883d448', 0,'15838332');
insert into usuario values('ASANCHEZ', 'fa5ee628d55e06730b779e080b5974c85d8c60f5', 0,'83829399');
insert into usuario values('PAPARICIO', '293006913a2501b67853614ce4a983fd1d13a37d', 0,'48393928');
insert into usuario values('ASPERANCHO', '6a4a42065674dcc38489d90a354d390060410c68', 0,'63737287');
insert into usuario values('JARROYO', '5eccc84f58d762610c4bf3f403aad0a336434aec', 0,'13929272');
insert into usuario values('JSANCHEZ', '3c5816e14f266815b0bee9ea5dfe086962e26691', 0,'12939272');
insert into usuario values('FMORO', '9367f6159d1594ec44b55115011b909bc7451c72', 0,'86638736');
insert into usuario values('ALGARCIA', '17f600ddcc316ee40ccd38d21c51957033c3fa6f', 0,'73892985');
insert into usuario values('JMLUCAS', '70070742bd6c3b3ad3d68df05b037b8c7ba5961e', 0,'45684184');
insert into usuario values('MFERNANDEZ', '9c104f5ca804f52d7d63eef1cdb25b5ce3acc026', 0,'14244148');
insert into usuario values('JFERNANDEZ', '112648e14ebf20b8015cf9897763d8adda855665', 0,'25254178');
insert into usuario values('RGIL', 'f8ff39a4b69580a7d45268b6fc8e5b9f8ce811cd', 0,'12515152');

insert into usuario values('FREYES', '715d70ce23611504ec0c41c533098801479b0228', 0,'78514893');
insert into usuario values('LRUBIO', '151b046b27e1ae04c2799c9d3e0f5a4bd9cfa642', 0,'25741142');
insert into usuario values('SSERRADILLA', '5ae81ae3ea94705359affa7ebf9973bee9eef89c', 0,'25641810');
insert into usuario values('SELVIRA', 'a3cd64fd7f59679be721637fc68459196fab4fa5', 0,'35465469');
insert into usuario values('RROJO', 'f84beeb320b2063f4f4b685208bb134e6a6735e2', 0,'23435455');
insert into usuario values('JMORALES', '54c91132cc9cc9d25b24e215d77ef0ea53540426', 0,'45667848');
insert into usuario values('RTAPIA', '6f37cbe8b373f7af979e083fa484c57b86aed4f9', 0,'23155257');
insert into usuario values('BMANCEBO', '4fe85e8bea7da8fd6d7751a12e89cff0b3b3ef39', 0,'78974456');
insert into usuario values('PGONZALEZ', 'a9848312ca62bc897768c2ee252a3fb2e8515691', 0,'74567890');
insert into usuario values('LMARTIN', 'ed9dd84414e6b42e59176e6456eebff758712faa', 0,'73958605');
insert into usuario values('AMZAPATA', '7965bff68ef1928ee48a54e62960cf1a05182ea4', 0,'74629064');
insert into usuario values('CHERNANDEZ', '96ec5fb565f2152878301d9df1f1bc3e603b9c53', 0,'73013873');
insert into usuario values('MMENDEZ', 'b4c3f4e4a7830df0038a4bbea725ece543c9d39b', 0,'11592038');
insert into usuario values('LPEREZ', '4f5cb5e600b9f12b61de3486ba32114cb92f450f', 0,'71493016');
insert into usuario values('ARODRIGUEZ', '7707bac1fa3c43df37e5d89960a21c24f5b9ef35', 0,'28941232');

insert into usuario values('PDIEZ', 'ee7a1d9cc4c01bb65b6fb52a74e0a90605daa74c', 0,'71248741');
insert into usuario values('AMARCOS', 'c99d073025fe7eb4291ded9a4224fa66b18f293e', 0,'11279546');
insert into usuario values('MMARTIN', '382f501ac89ad1e3db70a9e75bf1349928f8bde6', 0,'72518740');
insert into usuario values('RLOPEZ', 'f6b20fd9a0740759f7b61574d30a8145e4de0977', 0,'71954201');
insert into usuario values('IGARCIA', '74345ede40a04adbbaaf5f199464963850d8c259', 0,'71526389');
insert into usuario values('MMORAN', '063366f1ac9badf9fd74f8b417142a05bbd5c489', 0,'72197528');
insert into usuario values('LBENITO', 'd83c1c3f38c11aa641537607c28d1a6cea100cfb', 0,'74196599');
insert into usuario values('JENRIQUEZ', '6b206a5ad7762629dc18ebaaa0b3a781eacc8f1a', 0,'11000258');
insert into usuario values('SSHANCHEZ', 'fad9b5938c544b1ff627af7de7a155fc8862bd26', 0,'71259836');
insert into usuario values('MPEREZ', 'caf921c06b5d1e7107de8270868740ff90ebfa32', 0,'33333333');
insert into usuario values('CPEREZ', '18d61f98bcc8ded9c5e644bff91539cb3c0a0796', 0,'12312389');
insert into usuario values('NRAPADO', '48615928caeb270b5c41896885baaf9f3feff411', 0,'11443122');
insert into usuario values('HAGUDO', '48820fa80c9e58319fba16a4ad13ba77b6002ee7', 0,'41743122');
insert into usuario values('NLAFUENTE', '2277cd963845bd820c07cbf0c4ae8161c469ad63', 0,'91243322');
insert into usuario values('DYELA', 'f02c2f4974b2371f1132622c50036d4af68f3bde', 0,'94246322');

insert into profesor values('78392932', '678942310', '427885431052', '6754', '2431', '78', '6573320098');
insert into profesor values('11932930', '654821063', '567831008923', '6887', '6841', '45', '7896732154');
insert into profesor values('89393921', '607821342', '907860041231', '4324', '4023', '61', '9007694451');
insert into profesor values('73483830', '698032544', '889643556102', '8796', '5576', '37', '8978609432');
insert into profesor values('71127839', '643213188', '345209003126', '6754', '9870', '32', '5743289701');
insert into profesor values('32947683', '654980031', '675499032143', '6754', '2431', '89', '8099056472');
insert into profesor values('73262638', '658890123', '465776121341', '6887', '6841', '10', '5643278654');
insert into profesor values('78382947', '657211301', '435521676432', '6887', '7986', '27', '6574890312');
insert into profesor values('68838226', '657780031', '577632198004', '4324', '4023', '84', '1322453902');
insert into profesor values('83939205', '689900324', '543278679032', '4324', '2118', '56', '5436778219');

insert into contrato values(1, '2017-09-18', null, 'JCompleta' , 'Ingeniero en Telecomunicaciones - 23000', '78392932');
insert into contrato values(2, '2017-10-25', null, 'JCompleta' , 'Ingeniero en Informatica - 23000', '11932930');
insert into contrato values(3, '2017-09-01', null, 'JCompleta' , 'Graduado en Informatica - 21000', '89393921');
insert into contrato values(4, '2017-09-15', null, 'JCompleta' , 'Graduado en Informatica - 21000', '73483830');
insert into contrato values(5, '2017-09-20', '2018-06-30', 'JCompleta' , 'Graduado en Informatica - 17000', '71127839');
insert into contrato values(6, '2017-10-25', '2018-06-30', 'JParcial' , 'Matematcas - 14000', '32947683');
insert into contrato values(7, '2017-09-15', '2018-06-30', 'JParcial' , 'Ingeniero en Informatica - 14000', '73262638');
insert into contrato values(8, '2017-10-25', '2018-04-01', 'JParcial' , 'Graduado en Telecomunicaciones - 12000', '78382947');
insert into contrato values(9, '2017-09-18', '2018-04-01', 'JParcial' , 'Graduado en Telecomunicaciones - 18000', '68838226');
insert into contrato values(10, '2017-10-05', null, 'JParcial' , 'Graduado en Informatica - 15000', '83939205');

insert into curso values(1, 'Ciberseguridad', 400, 250, '78392932');
insert into curso values(2, 'Cisco CCNA', 500, 200, '78392932');
insert into curso values(3, 'Administración Linux II', 120, 50, '78392932');
insert into curso values(4, 'Arduino paso a paso', 200, 120, '11932930');
insert into curso values(5, 'Android I', 250, 100, '11932930');
insert into curso values(6, 'Android II', 250, 100, '89393921');
insert into curso values(7, 'html5 y css3', 80, 50, '89393921');
insert into curso values(8, 'bootstrap', 60, 30, '73483830');
insert into curso values(9, 'Oracle', 150, 80, '73483830');
insert into curso values(10, 'MongoDB', 150, 80, '73483830');
insert into curso values(11, 'Scrum master', 200, 110, '71127839');
insert into curso values(12, 'Windows Server', 300, 120, '71127839');
insert into curso values(13, 'Programacion OO', 400, 180, '71127839');
insert into curso values(14, 'Unity', 500, 300, '32947683');
insert into curso values(15, 'Java', 350, 250, '73262638');
insert into curso values(16, 'Administracion Linux I', 120, 75, '78382947');
insert into curso values(17, 'Wireshark', 80, 25, '68838226');
insert into curso values(18, 'php y Javascript', 300, 250, '83939205');

insert into matricula values('68592364', 1, 0);
insert into matricula values('78392823', 2, 0);
insert into matricula values('78286452', 3, 0);
insert into matricula values('74253621', 4, 0);
insert into matricula values('90296480', 5, 0);
insert into matricula values('11929273', 6, 0);
insert into matricula values('20937832', 7, 0);
insert into matricula values('74539209', 8, 0);
insert into matricula values('78293548', 9, 0);
insert into matricula values('80002027', 10, 0);
insert into matricula values('16738222', 11, 0);
insert into matricula values('89393026', 12, 0);
insert into matricula values('92628735', 13, 0);
insert into matricula values('78231724', 15, 0);
insert into matricula values('74326533', 14, 0);
insert into matricula values('52353232', 16, 0);
insert into matricula values('22874843', 17, 0);
insert into matricula values('12283833', 18, 0);
insert into matricula values('72823231', 18, 0);
insert into matricula values('84338390', 17, 0);
insert into matricula values('15838332', 16, 0);
insert into matricula values('83829399', 15, 0);
insert into matricula values('48393928', 14, 0);
insert into matricula values('63737287', 13, 0);
insert into matricula values('13929272', 12, 0);
insert into matricula values('12939272', 11, 0);
insert into matricula values('86638736', 10, 0);
insert into matricula values('73892985', 9, 0);
insert into matricula values('45684184', 7, 0);
insert into matricula values('14244148', 6, 0);
insert into matricula values('25254178', 8, 0);
insert into matricula values('12515152', 5, 0);
insert into matricula values('78514893', 4, 0);
insert into matricula values('25741142', 3, 0);
insert into matricula values('25641810', 2, 0);
insert into matricula values('35465469', 1, 0);
insert into matricula values('23435455', 1, 0);
insert into matricula values('45667848', 2, 0);
insert into matricula values('23155257', 3, 0);
insert into matricula values('78974456', 4, 0);
insert into matricula values('74567890', 5, 0);
insert into matricula values('73958605', 6, 0);
insert into matricula values('74629064', 7, 0);
insert into matricula values('73013873', 8, 0);
insert into matricula values('11592038', 9, 0);
insert into matricula values('71493016', 10, 0);
insert into matricula values('28941232', 11, 0);
insert into matricula values('71248741', 12, 0);
insert into matricula values('11279546', 13, 0);
insert into matricula values('72518740', 14, 0);
insert into matricula values('71954201', 15, 0);
insert into matricula values('71526389', 16, 0);
insert into matricula values('72197528', 17, 0);
insert into matricula values('74196599', 18, 0);
insert into matricula values('11000258', 17, 0);
insert into matricula values('71259836', 16, 0);
insert into matricula values('33333333', 15, 0);
insert into matricula values('12312389', 14, 0);
insert into matricula values('11443122', 13, 0);
insert into matricula values('41743122', 12, 0);
insert into matricula values('91243322', 11, 0);
insert into matricula values('94246322', 10, 0);
insert into matricula values('68592364', 12, 0);
insert into matricula values('78392823', 11, 0);
insert into matricula values('78286452', 10, 0);
insert into matricula values('74253621', 8, 0);
insert into matricula values('90296480', 7, 0);
insert into matricula values('11929273', 2, 0);
insert into matricula values('20937832', 1, 0);
insert into matricula values('74539209', 3, 0);
insert into matricula values('78293548', 2, 0);
insert into matricula values('80002027', 1, 0);
insert into matricula values('16738222', 1, 0);
insert into matricula values('89393026', 16, 0);
insert into matricula values('92628735', 15, 0);
insert into matricula values('78231724', 14, 0);
insert into matricula values('74326533', 13, 0);
insert into matricula values('52353232', 12, 0);
insert into matricula values('22874843', 11, 0);
insert into matricula values('12283833', 10, 0);
insert into matricula values('72823231', 9, 0);
insert into matricula values('84338390', 8, 0);
insert into matricula values('15838332', 7, 0);
insert into matricula values('83829399', 6, 0);
insert into matricula values('48393928', 5, 0);
insert into matricula values('63737287', 4, 0);
insert into matricula values('13929272', 3, 0);
insert into matricula values('12939272', 2, 0);
insert into matricula values('86638736', 1, 0);
